prefix,term,uri
dc,abstract,http://purl.org/dc/terms/abstract
dc,accessRights,http://purl.org/dc/terms/accessRights
dc,accrualMethod,http://purl.org/dc/terms/accrualMethod
dc,accrualPeriodicity,http://purl.org/dc/terms/accrualPeriodicity
dc,accrualPolicy,http://purl.org/dc/terms/accrualPolicy
dc,alternative,http://purl.org/dc/terms/alternative
dc,audience,http://purl.org/dc/terms/audience
dc,available,http://purl.org/dc/terms/available
dc,bibliographicCitation,http://purl.org/dc/terms/bibliographicCitation
dc,conformsTo,http://purl.org/dc/terms/conformsTo
dc,contributor,http://purl.org/dc/terms/contributor
dc,coverage,http://purl.org/dc/terms/coverage
dc,created,http://purl.org/dc/terms/created
dc,creator,http://purl.org/dc/terms/creator
dc,date,http://purl.org/dc/terms/date
dc,dateAccepted,http://purl.org/dc/terms/dateAccepted
dc,dateCopyrighted,http://purl.org/dc/terms/dateCopyrighted
dc,dateSubmitted,http://purl.org/dc/terms/dateSubmitted
dc,description,http://purl.org/dc/terms/description
dc,educationLevel,http://purl.org/dc/terms/educationLevel
dc,extent,http://purl.org/dc/terms/extent
dc,format,http://purl.org/dc/terms/format
dc,hasFormat,http://purl.org/dc/terms/hasFormat
dc,hasPart,http://purl.org/dc/terms/hasPart
dc,hasVersion,http://purl.org/dc/terms/hasVersion
dc,identifier,http://purl.org/dc/terms/identifier
dc,instructionalMethod,http://purl.org/dc/terms/instructionalMethod
dc,isFormatOf,http://purl.org/dc/terms/isFormatOf
dc,isPartOf,http://purl.org/dc/terms/isPartOf
dc,isReferencedBy,http://purl.org/dc/terms/isReferencedBy
dc,isReplacedBy,http://purl.org/dc/terms/isReplacedBy
dc,isRequiredBy,http://purl.org/dc/terms/isRequiredBy
dc,issued,http://purl.org/dc/terms/issued
dc,isVersionOf,http://purl.org/dc/terms/isVersionOf
dc,language,http://purl.org/dc/terms/language
dc,license,http://purl.org/dc/terms/license
dc,mediator,http://purl.org/dc/terms/mediator
dc,medium,http://purl.org/dc/terms/medium
dc,modified,http://purl.org/dc/terms/modified
dc,provenance,http://purl.org/dc/terms/provenance
dc,publisher,http://purl.org/dc/terms/publisher
dc,references,http://purl.org/dc/terms/references
dc,relation,http://purl.org/dc/terms/relation
dc,replaces,http://purl.org/dc/terms/replaces
dc,requires,http://purl.org/dc/terms/requires
dc,rights,http://purl.org/dc/terms/rights
dc,rightsHolder,http://purl.org/dc/terms/rightsHolder
dc,source,http://purl.org/dc/terms/source
dc,spatial,http://purl.org/dc/terms/spatial
dc,subject,http://purl.org/dc/terms/subject
dc,tableOfContents,http://purl.org/dc/terms/tableOfContents
dc,temporal,http://purl.org/dc/terms/temporal
dc,title,http://purl.org/dc/terms/title
dc,type,http://purl.org/dc/terms/type
dc,valid,http://purl.org/dc/terms/valid
dwc,acceptedNameUsage,http://rs.tdwg.org/dwc/terms/acceptedNameUsage
dwc,acceptedNameUsageID,http://rs.tdwg.org/dwc/terms/acceptedNameUsageID
dwc,associatedMedia,http://rs.tdwg.org/dwc/terms/associatedMedia
dwc,associatedOccurrences,http://rs.tdwg.org/dwc/terms/associatedOccurrences
dwc,associatedOrganisms,http://rs.tdwg.org/dwc/terms/associatedOrganisms
dwc,associatedReferences,http://rs.tdwg.org/dwc/terms/associatedReferences
dwc,associatedSequences,http://rs.tdwg.org/dwc/terms/associatedSequences
dwc,associatedTaxa,http://rs.tdwg.org/dwc/terms/associatedTaxa
dwc,basisOfRecord,http://rs.tdwg.org/dwc/terms/basisOfRecord
dwc,bed,http://rs.tdwg.org/dwc/terms/bed
dwc,behavior,http://rs.tdwg.org/dwc/terms/behavior
dwc,caste,http://rs.tdwg.org/dwc/terms/caste
dwc,catalogNumber,http://rs.tdwg.org/dwc/terms/catalogNumber
dwc,chronometricAgeConversionProtocol,http://rs.tdwg.org/chrono/terms/chronometricAgeConversionProtocol
dwc,chronometricAgeDeterminedBy,http://rs.tdwg.org/chrono/terms/chronometricAgeDeterminedBy
dwc,chronometricAgeDeterminedDate,http://rs.tdwg.org/chrono/terms/chronometricAgeDeterminedDate
dwc,chronometricAgeID,http://rs.tdwg.org/chrono/terms/chronometricAgeID
dwc,chronometricAgeProtocol,http://rs.tdwg.org/chrono/terms/chronometricAgeProtocol
dwc,chronometricAgeReferences,http://rs.tdwg.org/chrono/terms/chronometricAgeReferences
dwc,chronometricAgeRemarks,http://rs.tdwg.org/chrono/terms/chronometricAgeRemarks
dwc,chronometricAgeUncertaintyInYears,http://rs.tdwg.org/chrono/terms/chronometricAgeUncertaintyInYears
dwc,chronometricAgeUncertaintyMethod,http://rs.tdwg.org/chrono/terms/chronometricAgeUncertaintyMethod
dwc,class,http://rs.tdwg.org/dwc/terms/class
dwc,collectionCode,http://rs.tdwg.org/dwc/terms/collectionCode
dwc,collectionID,http://rs.tdwg.org/dwc/terms/collectionID
dwc,continent,http://rs.tdwg.org/dwc/terms/continent
dwc,coordinatePrecision,http://rs.tdwg.org/dwc/terms/coordinatePrecision
dwc,coordinateUncertaintyInMeters,http://rs.tdwg.org/dwc/terms/coordinateUncertaintyInMeters
dwc,country,http://rs.tdwg.org/dwc/terms/country
dwc,countryCode,http://rs.tdwg.org/dwc/terms/countryCode
dwc,county,http://rs.tdwg.org/dwc/terms/county
dwc,cultivarEpithet,http://rs.tdwg.org/dwc/terms/cultivarEpithet
dwc,dataGeneralizations,http://rs.tdwg.org/dwc/terms/dataGeneralizations
dwc,datasetID,http://rs.tdwg.org/dwc/terms/datasetID
dwc,datasetName,http://rs.tdwg.org/dwc/terms/datasetName
dwc,dateIdentified,http://rs.tdwg.org/dwc/terms/dateIdentified
dwc,day,http://rs.tdwg.org/dwc/terms/day
dwc,decimalLatitude,http://rs.tdwg.org/dwc/terms/decimalLatitude
dwc,decimalLongitude,http://rs.tdwg.org/dwc/terms/decimalLongitude
dwc,degreeOfEstablishment,http://rs.tdwg.org/dwc/terms/degreeOfEstablishment
dwc,disposition,http://rs.tdwg.org/dwc/terms/disposition
dwc,dynamicProperties,http://rs.tdwg.org/dwc/terms/dynamicProperties
dwc,earliestAgeOrLowestStage,http://rs.tdwg.org/dwc/terms/earliestAgeOrLowestStage
dwc,earliestChronometricAge,http://rs.tdwg.org/chrono/terms/earliestChronometricAge
dwc,earliestChronometricAgeReferenceSystem,http://rs.tdwg.org/chrono/terms/earliestChronometricAgeReferenceSystem
dwc,earliestEonOrLowestEonothem,http://rs.tdwg.org/dwc/terms/earliestEonOrLowestEonothem
dwc,earliestEpochOrLowestSeries,http://rs.tdwg.org/dwc/terms/earliestEpochOrLowestSeries
dwc,earliestEraOrLowestErathem,http://rs.tdwg.org/dwc/terms/earliestEraOrLowestErathem
dwc,earliestPeriodOrLowestSystem,http://rs.tdwg.org/dwc/terms/earliestPeriodOrLowestSystem
dwc,endDayOfYear,http://rs.tdwg.org/dwc/terms/endDayOfYear
dwc,establishmentMeans,http://rs.tdwg.org/dwc/terms/establishmentMeans
dwc,Event,http://rs.tdwg.org/dwc/terms/Event
dwc,eventDate,http://rs.tdwg.org/dwc/terms/eventDate
dwc,eventID,http://rs.tdwg.org/dwc/terms/eventID
dwc,eventRemarks,http://rs.tdwg.org/dwc/terms/eventRemarks
dwc,eventTime,http://rs.tdwg.org/dwc/terms/eventTime
dwc,eventType,http://rs.tdwg.org/dwc/terms/eventType
dwc,family,http://rs.tdwg.org/dwc/terms/family
dwc,fieldNotes,http://rs.tdwg.org/dwc/terms/fieldNotes
dwc,fieldNumber,http://rs.tdwg.org/dwc/terms/fieldNumber
dwc,footprintSpatialFit,http://rs.tdwg.org/dwc/terms/footprintSpatialFit
dwc,footprintSRS,http://rs.tdwg.org/dwc/terms/footprintSRS
dwc,footprintWKT,http://rs.tdwg.org/dwc/terms/footprintWKT
dwc,formation,http://rs.tdwg.org/dwc/terms/formation
dwc,FossilSpecimen,http://rs.tdwg.org/dwc/terms/FossilSpecimen
dwc,genericName,http://rs.tdwg.org/dwc/terms/genericName
dwc,genus,http://rs.tdwg.org/dwc/terms/genus
dwc,geodeticDatum,http://rs.tdwg.org/dwc/terms/geodeticDatum
dwc,GeologicalContext,http://rs.tdwg.org/dwc/terms/GeologicalContext
dwc,geologicalContextID,http://rs.tdwg.org/dwc/terms/geologicalContextID
dwc,georeferencedBy,http://rs.tdwg.org/dwc/terms/georeferencedBy
dwc,georeferencedDate,http://rs.tdwg.org/dwc/terms/georeferencedDate
dwc,georeferenceProtocol,http://rs.tdwg.org/dwc/terms/georeferenceProtocol
dwc,georeferenceRemarks,http://rs.tdwg.org/dwc/terms/georeferenceRemarks
dwc,georeferenceSources,http://rs.tdwg.org/dwc/terms/georeferenceSources
dwc,georeferenceVerificationStatus,http://rs.tdwg.org/dwc/terms/georeferenceVerificationStatus
dwc,group,http://rs.tdwg.org/dwc/terms/group
dwc,habitat,http://rs.tdwg.org/dwc/terms/habitat
dwc,higherClassification,http://rs.tdwg.org/dwc/terms/higherClassification
dwc,higherGeography,http://rs.tdwg.org/dwc/terms/higherGeography
dwc,higherGeographyID,http://rs.tdwg.org/dwc/terms/higherGeographyID
dwc,highestBiostratigraphicZone,http://rs.tdwg.org/dwc/terms/highestBiostratigraphicZone
dwc,HumanObservation,http://rs.tdwg.org/dwc/terms/HumanObservation
dwc,Identification,http://rs.tdwg.org/dwc/terms/Identification
dwc,identificationID,http://rs.tdwg.org/dwc/terms/identificationID
dwc,identificationQualifier,http://rs.tdwg.org/dwc/terms/identificationQualifier
dwc,identificationReferences,http://rs.tdwg.org/dwc/terms/identificationReferences
dwc,identificationRemarks,http://rs.tdwg.org/dwc/terms/identificationRemarks
dwc,identificationVerificationStatus,http://rs.tdwg.org/dwc/terms/identificationVerificationStatus
dwc,identifiedBy,http://rs.tdwg.org/dwc/terms/identifiedBy
dwc,identifiedByID,http://rs.tdwg.org/dwc/terms/identifiedByID
dwc,individualCount,http://rs.tdwg.org/dwc/terms/individualCount
dwc,informationWithheld,http://rs.tdwg.org/dwc/terms/informationWithheld
dwc,infragenericEpithet,http://rs.tdwg.org/dwc/terms/infragenericEpithet
dwc,infraspecificEpithet,http://rs.tdwg.org/dwc/terms/infraspecificEpithet
dwc,institutionCode,http://rs.tdwg.org/dwc/terms/institutionCode
dwc,institutionID,http://rs.tdwg.org/dwc/terms/institutionID
dwc,island,http://rs.tdwg.org/dwc/terms/island
dwc,islandGroup,http://rs.tdwg.org/dwc/terms/islandGroup
dwc,kingdom,http://rs.tdwg.org/dwc/terms/kingdom
dwc,language,http://purl.org/dc/elements/1.1/language
dwc,latestAgeOrHighestStage,http://rs.tdwg.org/dwc/terms/latestAgeOrHighestStage
dwc,latestChronometricAge,http://rs.tdwg.org/chrono/terms/latestChronometricAge
dwc,latestChronometricAgeReferenceSystem,http://rs.tdwg.org/chrono/terms/latestChronometricAgeReferenceSystem
dwc,latestEonOrHighestEonothem,http://rs.tdwg.org/dwc/terms/latestEonOrHighestEonothem
dwc,latestEpochOrHighestSeries,http://rs.tdwg.org/dwc/terms/latestEpochOrHighestSeries
dwc,latestEraOrHighestErathem,http://rs.tdwg.org/dwc/terms/latestEraOrHighestErathem
dwc,latestPeriodOrHighestSystem,http://rs.tdwg.org/dwc/terms/latestPeriodOrHighestSystem
dwc,lifeStage,http://rs.tdwg.org/dwc/terms/lifeStage
dwc,lithostratigraphicTerms,http://rs.tdwg.org/dwc/terms/lithostratigraphicTerms
dwc,LivingSpecimen,http://rs.tdwg.org/dwc/terms/LivingSpecimen
dwc,locality,http://rs.tdwg.org/dwc/terms/locality
dwc,locationAccordingTo,http://rs.tdwg.org/dwc/terms/locationAccordingTo
dwc,locationID,http://rs.tdwg.org/dwc/terms/locationID
dwc,locationRemarks,http://rs.tdwg.org/dwc/terms/locationRemarks
dwc,lowestBiostratigraphicZone,http://rs.tdwg.org/dwc/terms/lowestBiostratigraphicZone
dwc,MachineObservation,http://rs.tdwg.org/dwc/terms/MachineObservation
dwc,MaterialCitation,http://rs.tdwg.org/dwc/terms/MaterialCitation
dwc,materialDated,http://rs.tdwg.org/chrono/terms/materialDated
dwc,materialDatedID,http://rs.tdwg.org/chrono/terms/materialDatedID
dwc,materialDatedRelationship,http://rs.tdwg.org/chrono/terms/materialDatedRelationship
dwc,MaterialEntity,http://rs.tdwg.org/dwc/terms/MaterialEntity
dwc,materialEntityID,http://rs.tdwg.org/dwc/terms/materialEntityID
dwc,materialEntityRemarks,http://rs.tdwg.org/dwc/terms/materialEntityRemarks
dwc,MaterialSample,http://rs.tdwg.org/dwc/terms/MaterialSample
dwc,materialSampleID,http://rs.tdwg.org/dwc/terms/materialSampleID
dwc,maximumDepthInMeters,http://rs.tdwg.org/dwc/terms/maximumDepthInMeters
dwc,maximumDistanceAboveSurfaceInMeters,http://rs.tdwg.org/dwc/terms/maximumDistanceAboveSurfaceInMeters
dwc,maximumElevationInMeters,http://rs.tdwg.org/dwc/terms/maximumElevationInMeters
dwc,measurementAccuracy,http://rs.tdwg.org/dwc/terms/measurementAccuracy
dwc,measurementDeterminedBy,http://rs.tdwg.org/dwc/terms/measurementDeterminedBy
dwc,measurementDeterminedDate,http://rs.tdwg.org/dwc/terms/measurementDeterminedDate
dwc,measurementID,http://rs.tdwg.org/dwc/terms/measurementID
dwc,measurementMethod,http://rs.tdwg.org/dwc/terms/measurementMethod
dwc,MeasurementOrFact,http://rs.tdwg.org/dwc/terms/MeasurementOrFact
dwc,measurementRemarks,http://rs.tdwg.org/dwc/terms/measurementRemarks
dwc,measurementType,http://rs.tdwg.org/dwc/terms/measurementType
dwc,measurementUnit,http://rs.tdwg.org/dwc/terms/measurementUnit
dwc,measurementValue,http://rs.tdwg.org/dwc/terms/measurementValue
dwc,member,http://rs.tdwg.org/dwc/terms/member
dwc,minimumDepthInMeters,http://rs.tdwg.org/dwc/terms/minimumDepthInMeters
dwc,minimumDistanceAboveSurfaceInMeters,http://rs.tdwg.org/dwc/terms/minimumDistanceAboveSurfaceInMeters
dwc,minimumElevationInMeters,http://rs.tdwg.org/dwc/terms/minimumElevationInMeters
dwc,month,http://rs.tdwg.org/dwc/terms/month
dwc,municipality,http://rs.tdwg.org/dwc/terms/municipality
dwc,nameAccordingTo,http://rs.tdwg.org/dwc/terms/nameAccordingTo
dwc,nameAccordingToID,http://rs.tdwg.org/dwc/terms/nameAccordingToID
dwc,namePublishedIn,http://rs.tdwg.org/dwc/terms/namePublishedIn
dwc,namePublishedInID,http://rs.tdwg.org/dwc/terms/namePublishedInID
dwc,namePublishedInYear,http://rs.tdwg.org/dwc/terms/namePublishedInYear
dwc,nomenclaturalCode,http://rs.tdwg.org/dwc/terms/nomenclaturalCode
dwc,nomenclaturalStatus,http://rs.tdwg.org/dwc/terms/nomenclaturalStatus
dwc,Occurrence,http://rs.tdwg.org/dwc/terms/Occurrence
dwc,occurrenceID,http://rs.tdwg.org/dwc/terms/occurrenceID
dwc,occurrenceRemarks,http://rs.tdwg.org/dwc/terms/occurrenceRemarks
dwc,occurrenceStatus,http://rs.tdwg.org/dwc/terms/occurrenceStatus
dwc,order,http://rs.tdwg.org/dwc/terms/order
dwc,Organism,http://rs.tdwg.org/dwc/terms/Organism
dwc,organismID,http://rs.tdwg.org/dwc/terms/organismID
dwc,organismName,http://rs.tdwg.org/dwc/terms/organismName
dwc,organismQuantity,http://rs.tdwg.org/dwc/terms/organismQuantity
dwc,organismQuantityType,http://rs.tdwg.org/dwc/terms/organismQuantityType
dwc,organismRemarks,http://rs.tdwg.org/dwc/terms/organismRemarks
dwc,organismScope,http://rs.tdwg.org/dwc/terms/organismScope
dwc,originalNameUsage,http://rs.tdwg.org/dwc/terms/originalNameUsage
dwc,originalNameUsageID,http://rs.tdwg.org/dwc/terms/originalNameUsageID
dwc,otherCatalogNumbers,http://rs.tdwg.org/dwc/terms/otherCatalogNumbers
dwc,ownerInstitutionCode,http://rs.tdwg.org/dwc/terms/ownerInstitutionCode
dwc,parentEventID,http://rs.tdwg.org/dwc/terms/parentEventID
dwc,parentMeasurementID,http://rs.tdwg.org/dwc/terms/parentMeasurementID
dwc,parentNameUsage,http://rs.tdwg.org/dwc/terms/parentNameUsage
dwc,parentNameUsageID,http://rs.tdwg.org/dwc/terms/parentNameUsageID
dwc,pathway,http://rs.tdwg.org/dwc/terms/pathway
dwc,phylum,http://rs.tdwg.org/dwc/terms/phylum
dwc,pointRadiusSpatialFit,http://rs.tdwg.org/dwc/terms/pointRadiusSpatialFit
dwc,preparations,http://rs.tdwg.org/dwc/terms/preparations
dwc,PreservedSpecimen,http://rs.tdwg.org/dwc/terms/PreservedSpecimen
dwc,previousIdentifications,http://rs.tdwg.org/dwc/terms/previousIdentifications
dwc,recordedBy,http://rs.tdwg.org/dwc/terms/recordedBy
dwc,recordedByID,http://rs.tdwg.org/dwc/terms/recordedByID
dwc,recordNumber,http://rs.tdwg.org/dwc/terms/recordNumber
dwc,relatedResourceID,http://rs.tdwg.org/dwc/terms/relatedResourceID
dwc,relationshipAccordingTo,http://rs.tdwg.org/dwc/terms/relationshipAccordingTo
dwc,relationshipEstablishedDate,http://rs.tdwg.org/dwc/terms/relationshipEstablishedDate
dwc,relationshipOfResource,http://rs.tdwg.org/dwc/terms/relationshipOfResource
dwc,relationshipOfResourceID,http://rs.tdwg.org/dwc/terms/relationshipOfResourceID
dwc,relationshipRemarks,http://rs.tdwg.org/dwc/terms/relationshipRemarks
dwc,reproductiveCondition,http://rs.tdwg.org/dwc/terms/reproductiveCondition
dwc,resourceID,http://rs.tdwg.org/dwc/terms/resourceID
dwc,ResourceRelationship,http://rs.tdwg.org/dwc/terms/ResourceRelationship
dwc,resourceRelationshipID,http://rs.tdwg.org/dwc/terms/resourceRelationshipID
dwc,sampleSizeUnit,http://rs.tdwg.org/dwc/terms/sampleSizeUnit
dwc,sampleSizeValue,http://rs.tdwg.org/dwc/terms/sampleSizeValue
dwc,samplingEffort,http://rs.tdwg.org/dwc/terms/samplingEffort
dwc,samplingProtocol,http://rs.tdwg.org/dwc/terms/samplingProtocol
dwc,scientificName,http://rs.tdwg.org/dwc/terms/scientificName
dwc,scientificNameAuthorship,http://rs.tdwg.org/dwc/terms/scientificNameAuthorship
dwc,scientificNameID,http://rs.tdwg.org/dwc/terms/scientificNameID
dwc,sex,http://rs.tdwg.org/dwc/terms/sex
dwc,specificEpithet,http://rs.tdwg.org/dwc/terms/specificEpithet
dwc,startDayOfYear,http://rs.tdwg.org/dwc/terms/startDayOfYear
dwc,stateProvince,http://rs.tdwg.org/dwc/terms/stateProvince
dwc,subfamily,http://rs.tdwg.org/dwc/terms/subfamily
dwc,subgenus,http://rs.tdwg.org/dwc/terms/subgenus
dwc,subtribe,http://rs.tdwg.org/dwc/terms/subtribe
dwc,superfamily,http://rs.tdwg.org/dwc/terms/superfamily
dwc,Taxon,http://rs.tdwg.org/dwc/terms/Taxon
dwc,taxonConceptID,http://rs.tdwg.org/dwc/terms/taxonConceptID
dwc,taxonID,http://rs.tdwg.org/dwc/terms/taxonID
dwc,taxonomicStatus,http://rs.tdwg.org/dwc/terms/taxonomicStatus
dwc,taxonRank,http://rs.tdwg.org/dwc/terms/taxonRank
dwc,taxonRemarks,http://rs.tdwg.org/dwc/terms/taxonRemarks
dwc,tribe,http://rs.tdwg.org/dwc/terms/tribe
dwc,typeStatus,http://rs.tdwg.org/dwc/terms/typeStatus
dwc,uncalibratedChronometricAge,http://rs.tdwg.org/chrono/terms/uncalibratedChronometricAge
dwc,verbatimChronometricAge,http://rs.tdwg.org/chrono/terms/verbatimChronometricAge
dwc,verbatimCoordinates,http://rs.tdwg.org/dwc/terms/verbatimCoordinates
dwc,verbatimCoordinateSystem,http://rs.tdwg.org/dwc/terms/verbatimCoordinateSystem
dwc,verbatimDepth,http://rs.tdwg.org/dwc/terms/verbatimDepth
dwc,verbatimElevation,http://rs.tdwg.org/dwc/terms/verbatimElevation
dwc,verbatimEventDate,http://rs.tdwg.org/dwc/terms/verbatimEventDate
dwc,verbatimIdentification,http://rs.tdwg.org/dwc/terms/verbatimIdentification
dwc,verbatimLabel,http://rs.tdwg.org/dwc/terms/verbatimLabel
dwc,verbatimLatitude,http://rs.tdwg.org/dwc/terms/verbatimLatitude
dwc,verbatimLocality,http://rs.tdwg.org/dwc/terms/verbatimLocality
dwc,verbatimLongitude,http://rs.tdwg.org/dwc/terms/verbatimLongitude
dwc,verbatimSRS,http://rs.tdwg.org/dwc/terms/verbatimSRS
dwc,verbatimTaxonRank,http://rs.tdwg.org/dwc/terms/verbatimTaxonRank
dwc,vernacularName,http://rs.tdwg.org/dwc/terms/vernacularName
dwc,verticalDatum,http://rs.tdwg.org/dwc/terms/verticalDatum
dwc,vitality,http://rs.tdwg.org/dwc/terms/vitality
dwc,waterBody,http://rs.tdwg.org/dwc/terms/waterBody
dwc,year,http://rs.tdwg.org/dwc/terms/year
ac,associatedObservationReference,http://rs.tdwg.org/ac/terms/accessURI
ac,attributionLinkURL,http://rs.tdwg.org/ac/terms/fundingAttribution
ac,available,http://rs.tdwg.org/ac/terms/hasServiceAccessPoint
ac,commenterLiteral,http://rs.tdwg.org/ac/terms/commenter
ac,comments,http://rs.tdwg.org/ac/terms/reviewerLiteral
ac,CountryCode,http://iptc.org/std/Iptc4xmpExt/2008-02-29/CountryName
ac,CreateDate,http://rs.tdwg.org/ac/terms/timeOfDay
ac,Credit,http://rs.tdwg.org/ac/terms/attributionLogoURL
ac,dateIdentified,http://rs.tdwg.org/ac/terms/taxonCount
ac,derivedFrom,http://rs.tdwg.org/ac/terms/associatedSpecimenReference
ac,description,http://rs.tdwg.org/ac/terms/caption
ac,digitizationDate,http://rs.tdwg.org/ac/terms/captureDevice
ac,hashFunction,http://rs.tdwg.org/ac/terms/hashValue
ac,identifier,http://purl.org/dc/elements/1.1/type
ac,licensingException,http://rs.tdwg.org/ac/terms/serviceExpectation
ac,lifeStage,http://rs.tdwg.org/ac/terms/subjectOrientation
ac,LocationShown,http://iptc.org/std/Iptc4xmpExt/2008-02-29/WorldRegion
ac,metadataCreatorLiteral,http://rs.tdwg.org/ac/terms/metadataCreator
ac,metadataLanguageLiteral,http://rs.tdwg.org/ac/terms/metadataLanguage
ac,metadataProviderLiteral,http://rs.tdwg.org/ac/terms/metadataProvider
ac,modified,http://ns.adobe.com/xap/1.0/MetadataDate
ac,Owner,http://ns.adobe.com/xap/1.0/rights/UsageTerms
ac,physicalSetting,http://iptc.org/std/Iptc4xmpExt/2008-02-29/CVterm
ac,PixelXDimension,http://ns.adobe.com/exif/1.0/PixelYDimension
ac,preparations,http://iptc.org/std/Iptc4xmpExt/2008-02-29/LocationCreated
ac,providerLiteral,http://rs.tdwg.org/ac/terms/provider
ac,providerManagedID,http://ns.adobe.com/xap/1.0/Rating
ac,ProvinceState,http://iptc.org/std/Iptc4xmpExt/2008-02-29/City
ac,relatedResourceID,http://rs.tdwg.org/ac/terms/providerID
ac,resourceCreationTechnique,http://rs.tdwg.org/ac/terms/IDofContainingCollection
ac,reviewer,http://rs.tdwg.org/ac/terms/reviewerComments
ac,subjectCategoryVocabulary,http://rs.tdwg.org/ac/terms/tag
ac,type,http://rs.tdwg.org/ac/terms/subtypeLiteral
ac,variantDescription,http://rs.tdwg.org/ac/terms/furtherInformationURL
ac,variantLiteral,http://rs.tdwg.org/ac/terms/variant
ac,WebStatement,http://rs.tdwg.org/ac/terms/licenseLogoURL
eco,absentTaxa,http://rs.tdwg.org/eco/terms/absentTaxa
eco,abundanceCap,http://rs.tdwg.org/eco/terms/abundanceCap
eco,areNonTargetTaxaFullyReported,http://rs.tdwg.org/eco/terms/areNonTargetTaxaFullyReported
eco,compilationSourceTypes,http://rs.tdwg.org/eco/terms/compilationSourceTypes
eco,compilationTypes,http://rs.tdwg.org/eco/terms/compilationTypes
eco,eventDurationUnit,http://rs.tdwg.org/eco/terms/eventDurationUnit
eco,eventDurationValue,http://rs.tdwg.org/eco/terms/eventDurationValue
eco,excludedDegreeOfEstablishmentScope,http://rs.tdwg.org/eco/terms/excludedDegreeOfEstablishmentScope
eco,excludedGrowthFormScope,http://rs.tdwg.org/eco/terms/excludedGrowthFormScope
eco,excludedHabitatScope,http://rs.tdwg.org/eco/terms/excludedHabitatScope
eco,excludedLifeStageScope,http://rs.tdwg.org/eco/terms/excludedLifeStageScope
eco,excludedTaxonomicScope,http://rs.tdwg.org/eco/terms/excludedTaxonomicScope
eco,geospatialScopeAreaUnit,http://rs.tdwg.org/eco/terms/geospatialScopeAreaUnit
eco,geospatialScopeAreaValue,http://rs.tdwg.org/eco/terms/geospatialScopeAreaValue
eco,hasMaterialSamples,http://rs.tdwg.org/eco/terms/hasMaterialSamples
eco,hasNonTargetOrganisms,http://rs.tdwg.org/eco/terms/hasNonTargetOrganisms
eco,hasNonTargetTaxa,http://rs.tdwg.org/eco/terms/hasNonTargetTaxa
eco,hasVouchers,http://rs.tdwg.org/eco/terms/hasVouchers
eco,inventoryTypes,http://rs.tdwg.org/eco/terms/inventoryTypes
eco,isAbsenceReported,http://rs.tdwg.org/eco/terms/isAbsenceReported
eco,isAbundanceCapReported,http://rs.tdwg.org/eco/terms/isAbundanceCapReported
eco,isAbundanceReported,http://rs.tdwg.org/eco/terms/isAbundanceReported
eco,isDegreeOfEstablishmentScopeFullyReported,http://rs.tdwg.org/eco/terms/isDegreeOfEstablishmentScopeFullyReported
eco,isGrowthFormScopeFullyReported,http://rs.tdwg.org/eco/terms/isGrowthFormScopeFullyReported
eco,isLeastSpecificTargetCategoryQuantityInclusive,http://rs.tdwg.org/eco/terms/isLeastSpecificTargetCategoryQuantityInclusive
eco,isLifeStageScopeFullyReported,http://rs.tdwg.org/eco/terms/isLifeStageScopeFullyReported
eco,isSamplingEffortReported,http://rs.tdwg.org/eco/terms/isSamplingEffortReported
eco,isTaxonomicScopeFullyReported,http://rs.tdwg.org/eco/terms/isTaxonomicScopeFullyReported
eco,isVegetationCoverReported,http://rs.tdwg.org/eco/terms/isVegetationCoverReported
eco,materialSampleTypes,http://rs.tdwg.org/eco/terms/materialSampleTypes
eco,nonTargetTaxa,http://rs.tdwg.org/eco/terms/nonTargetTaxa
eco,protocolDescriptions,http://rs.tdwg.org/eco/terms/protocolDescriptions
eco,protocolNames,http://rs.tdwg.org/eco/terms/protocolNames
eco,protocolReferences,http://rs.tdwg.org/eco/terms/protocolReferences
eco,reportedExtremeConditions,http://rs.tdwg.org/eco/terms/reportedExtremeConditions
eco,reportedWeather,http://rs.tdwg.org/eco/terms/reportedWeather
eco,samplingEffortProtocol,http://rs.tdwg.org/eco/terms/samplingEffortProtocol
eco,samplingEffortUnit,http://rs.tdwg.org/eco/terms/samplingEffortUnit
eco,samplingEffortValue,http://rs.tdwg.org/eco/terms/samplingEffortValue
eco,samplingPerformedBy,http://rs.tdwg.org/eco/terms/samplingPerformedBy
eco,siteCount,http://rs.tdwg.org/eco/terms/siteCount
eco,siteNestingDescription,http://rs.tdwg.org/eco/terms/siteNestingDescription
eco,targetDegreeOfEstablishmentScope,http://rs.tdwg.org/eco/terms/targetDegreeOfEstablishmentScope
eco,targetGrowthFormScope,http://rs.tdwg.org/eco/terms/targetGrowthFormScope
eco,targetHabitatScope,http://rs.tdwg.org/eco/terms/targetHabitatScope
eco,targetLifeStageScope,http://rs.tdwg.org/eco/terms/targetLifeStageScope
eco,targetTaxonomicScope,http://rs.tdwg.org/eco/terms/targetTaxonomicScope
eco,taxonCompletenessProtocols,http://rs.tdwg.org/eco/terms/taxonCompletenessProtocols
eco,taxonCompletenessReported,http://rs.tdwg.org/eco/terms/taxonCompletenessReported
eco,totalAreaSampledUnit,http://rs.tdwg.org/eco/terms/totalAreaSampledUnit
eco,totalAreaSampledValue,http://rs.tdwg.org/eco/terms/totalAreaSampledValue
eco,verbatimSiteDescriptions,http://rs.tdwg.org/eco/terms/verbatimSiteDescriptions
eco,verbatimSiteNames,http://rs.tdwg.org/eco/terms/verbatimSiteNames
eco,verbatimTargetScope,http://rs.tdwg.org/eco/terms/verbatimTargetScope
eco,voucherInstitutions,http://rs.tdwg.org/eco/terms/voucherInstitutions
eol,agentID,http://eol.org/schema/agent/agentID
eol,authorList,http://purl.org/ontology/bibo/authorList
eol,CreateDate,http://ns.adobe.com/xap/1.0/CreateDate
eol,CVterm,http://iptc.org/std/Iptc4xmpExt/1.0/xmlns/CVterm
eol,derivedFrom,http://rs.tdwg.org/ac/terms/derivedFrom
eol,doi,http://purl.org/ontology/bibo/doi
eol,edition,http://purl.org/ontology/bibo/edition
eol,editorList,http://purl.org/ontology/bibo/editorList
eol,full_reference,http://eol.org/schema/reference/full_reference
eol,localityName,http://schemas.talis.com/2005/address/schema#localityName
eol,LocationCreated,http://iptc.org/std/Iptc4xmpExt/1.0/xmlns/LocationCreated
eol,long,http://www.w3.org/2003/01/geo/wgs84_pos#long
eol,Owner,http://ns.adobe.com/xap/1.0/rights/Owner
eol,pageEnd,http://purl.org/ontology/bibo/pageEnd
eol,pages,http://purl.org/ontology/bibo/pages
eol,pageStart,http://purl.org/ontology/bibo/pageStart
eol,primaryTitle,http://eol.org/schema/reference/primaryTitle
eol,publicationType,http://eol.org/schema/reference/publicationType
eol,referenceID,http://eol.org/schema/reference/referenceID
eol,subtype,http://rs.tdwg.org/audubon_core/subtype
eol,thumbnailURL,http://eol.org/schema/media/thumbnailURL
eol,uri,http://purl.org/ontology/bibo/uri
eol,volume,http://purl.org/ontology/bibo/volume
gbif,_16s_recover,https://w3id.org/mixs/0000065
gbif,_16s_recover_software,https://w3id.org/mixs/0000066
gbif,adapters,https://w3id.org/mixs/0000048
gbif,ageInDays,http://rs.gbif.org/terms/1.0/ageInDays
gbif,ampliconSize,http://rs.gbif.org/terms/miqe/ampliconSize
gbif,amplificationReactionVolume,http://rs.gbif.org/terms/miqe/amplificationReactionVolume
gbif,amplificationReactionVolumeUnit,http://rs.gbif.org/terms/miqe/amplificationReactionVolumeUnit
gbif,annealingTemp,http://rs.gbif.org/terms/miqe/annealingTemp
gbif,annealingTempUnit,http://rs.gbif.org/terms/miqe/annealingTempUnit
gbif,annot,https://w3id.org/mixs/0000059
gbif,appendixCITES,http://rs.gbif.org/terms/1.0/appendixCITES
gbif,aspect,http://rs.gbif.org/terms/1.0/aspect
gbif,assembly_name,https://w3id.org/mixs/0000057
gbif,assembly_qual,https://w3id.org/mixs/0000056
gbif,assembly_software,https://w3id.org/mixs/0000058
gbif,automaticBaselineValue,http://rs.gbif.org/terms/miqe/automaticBaselineValue
gbif,automaticThresholdQuantificationCycle,http://rs.gbif.org/terms/miqe/automaticThresholdQuantificationCycle
gbif,baselineValue,http://rs.gbif.org/terms/miqe/baselineValue
gbif,bin_param,https://w3id.org/mixs/0000077
gbif,bin_software,https://w3id.org/mixs/0000078
gbif,biotic_relationship,https://w3id.org/mixs/0000028
gbif,chimera_check,https://w3id.org/mixs/0000052
gbif,compl_appr,https://w3id.org/mixs/0000071
gbif,compl_score,https://w3id.org/mixs/0000069
gbif,compl_software,https://w3id.org/mixs/0000070
gbif,concentration,http://data.ggbn.org/schemas/ggbn/terms/concentration
gbif,concentrationUnit,http://data.ggbn.org/schemas/ggbn/terms/concentrationUnit
gbif,contam_score,https://w3id.org/mixs/0000072
gbif,contam_screen_input,https://w3id.org/mixs/0000005
gbif,contam_screen_param,https://w3id.org/mixs/0000073
gbif,contaminationAssessment,http://rs.gbif.org/terms/miqe/contaminationAssessment
gbif,coverAlgaeInPercentage,http://rs.gbif.org/terms/1.0/coverAlgaeInPercentage
gbif,coverCryptogamsInPercentage,http://rs.gbif.org/terms/1.0/coverCryptogamsInPercentage
gbif,coverHerbsInPercentage,http://rs.gbif.org/terms/1.0/coverHerbsInPercentage
gbif,coverLichensInPercentage,http://rs.gbif.org/terms/1.0/coverLichensInPercentage
gbif,coverLitterInPercentage,http://rs.gbif.org/terms/1.0/coverLitterInPercentage
gbif,coverMossesInPercentage,http://rs.gbif.org/terms/1.0/coverMossesInPercentage
gbif,coverRockInPercentage,http://rs.gbif.org/terms/1.0/coverRockInPercentage
gbif,coverShrubsInPercentage,http://rs.gbif.org/terms/1.0/coverShrubsInPercentage
gbif,coverTotalInPercentage,http://rs.gbif.org/terms/1.0/coverTotalInPercentage
gbif,coverTreesInPercentage,http://rs.gbif.org/terms/1.0/coverTreesInPercentage
gbif,coverWaterInPercentage,http://rs.gbif.org/terms/1.0/coverWaterInPercentage
gbif,decontam_software,https://w3id.org/mixs/0000074
gbif,detec_type,https://w3id.org/mixs/0000084
gbif,DNA_sequence,http://rs.gbif.org/terms/dna_sequence
gbif,encoded_traits,https://w3id.org/mixs/0000034
gbif,env_broad_scale,https://w3id.org/mixs/0000012
gbif,env_local_scale,https://w3id.org/mixs/0000013
gbif,env_medium,https://w3id.org/mixs/0000014
gbif,estimated_size,https://w3id.org/mixs/0000024
gbif,estimatedNumberOfCopies,http://rs.gbif.org/terms/miqe/estimatedNumberOfCopies
gbif,experimental_factor,https://w3id.org/mixs/0000008
gbif,experimentalVariance,http://rs.gbif.org/terms/miqe/experimentalVariance
gbif,extrachrom_elements,https://w3id.org/mixs/0000023
gbif,feat_pred,https://w3id.org/mixs/0000061
gbif,herbLayerHeightInCentimeters,http://rs.gbif.org/terms/1.0/herbLayerHeightInCentimeters
gbif,host_disease_stat,https://w3id.org/mixs/0000031
gbif,host_pred_appr,https://w3id.org/mixs/0000088
gbif,host_pred_est_acc,https://w3id.org/mixs/0000089
gbif,host_spec_range,https://w3id.org/mixs/0000030
gbif,inclinationInDegrees,http://rs.gbif.org/terms/1.0/inclinationInDegrees
gbif,isExtinct,http://rs.gbif.org/terms/1.0/isExtinct
gbif,isFreshwater,http://rs.gbif.org/terms/1.0/isFreshwater
gbif,isHybrid,http://rs.gbif.org/terms/1.0/isHybrid
gbif,isInvasive,http://rs.gbif.org/terms/1.0/isInvasive
gbif,isMarine,http://rs.gbif.org/terms/1.0/isMarine
gbif,isol_growth_condt,https://w3id.org/mixs/0000003
gbif,isPlural,http://rs.gbif.org/terms/1.0/isPlural
gbif,isPreferredName,http://rs.gbif.org/terms/1.0/isPreferredName
gbif,isTerrestrial,http://rs.gbif.org/terms/1.0/isTerrestrial
gbif,lib_layout,https://w3id.org/mixs/0000041
gbif,lib_reads_seqd,https://w3id.org/mixs/0000040
gbif,lib_screen,https://w3id.org/mixs/0000043
gbif,lib_size,https://w3id.org/mixs/0000039
gbif,lib_vector,https://w3id.org/mixs/0000042
gbif,lichensIdentified,http://rs.gbif.org/terms/1.0/lichensIdentified
gbif,lifeForm,http://rs.gbif.org/terms/1.0/lifeForm
gbif,livingPeriod,http://rs.gbif.org/terms/1.0/livingPeriod
gbif,mag_cov_software,https://w3id.org/mixs/0000080
gbif,massInGrams,http://rs.gbif.org/terms/1.0/massInGrams
gbif,methodDeterminationConcentrationAndRatios,http://data.ggbn.org/schemas/ggbn/terms/methodDeterminationConcentrationAndRatios
gbif,mid,https://w3id.org/mixs/0000047
gbif,mossesIdentified,http://rs.gbif.org/terms/1.0/mossesIdentified
gbif,neg_cont_type,https://w3id.org/mixs/0001321
gbif,nucl_acid_amp,https://w3id.org/mixs/0000038
gbif,nucl_acid_ext,https://w3id.org/mixs/0000037
gbif,num_replicons,https://w3id.org/mixs/0000022
gbif,number_contig,https://w3id.org/mixs/0000060
gbif,organismPart,http://rs.gbif.org/terms/1.0/organismPart
gbif,otu_class_appr,https://w3id.org/mixs/0000085
gbif,otu_db,https://w3id.org/mixs/0000087
gbif,otu_seq_comp_appr,https://w3id.org/mixs/0000086
gbif,partitionVolume,http://rs.gbif.org/terms/miqe/partitionVolume
gbif,partitionVolumeUnit,http://rs.gbif.org/terms/miqe/partitionVolumeUnit
gbif,pathogenicity,https://w3id.org/mixs/0000027
gbif,pcr_analysis_software,http://rs.gbif.org/terms/miqe/pcr_analysis_software
gbif,pcr_cond,https://w3id.org/mixs/0000049
gbif,pcr_primer_forward,http://rs.gbif.org/terms/pcr_primer_forward
gbif,pcr_primer_lod,http://rs.gbif.org/terms/miqe/pcr_primer_lod
gbif,pcr_primer_loq,http://rs.gbif.org/terms/miqe/pcr_primer_loq
gbif,pcr_primer_name_forward,http://rs.gbif.org/terms/pcr_primer_name_forward
gbif,pcr_primer_name_reverse,http://rs.gbif.org/terms/pcr_primer_name_reverse
gbif,pcr_primer_reference,http://rs.gbif.org/terms/pcr_primer_reference
gbif,pcr_primer_reverse,http://rs.gbif.org/terms/pcr_primer_reverse
gbif,pcr_primers,https://w3id.org/mixs/0000046
gbif,ploidy,https://w3id.org/mixs/0000021
gbif,pos_cont_type,https://w3id.org/mixs/0001322
gbif,pred_genome_struc,https://w3id.org/mixs/0000083
gbif,pred_genome_type,https://w3id.org/mixs/0000082
gbif,probeQuencher,http://rs.gbif.org/terms/miqe/probeQuencher
gbif,probeReporter,http://rs.gbif.org/terms/miqe/probeReporter
gbif,project,http://rs.gbif.org/terms/1.0/project
gbif,project_name,https://w3id.org/mixs/0000092
gbif,propagation,https://w3id.org/mixs/0000033
gbif,quantificationCycle,http://rs.gbif.org/terms/miqe/quantificationCycle
gbif,ratioOfAbsorbance260_230,http://data.ggbn.org/schemas/ggbn/terms/ratioOfAbsorbance260_230
gbif,ratioOfAbsorbance260_280,http://data.ggbn.org/schemas/ggbn/terms/ratioOfAbsorbance260_280
gbif,reassembly_bin,https://w3id.org/mixs/0000079
gbif,ref_biomaterial,https://w3id.org/mixs/0000025
gbif,ref_db,https://w3id.org/mixs/0000062
gbif,rel_to_oxygen,https://w3id.org/mixs/0000015
gbif,samp_collec_device,https://w3id.org/mixs/0000002
gbif,samp_collec_method,https://w3id.org/mixs/0001225
gbif,samp_mat_process,https://w3id.org/mixs/0000016
gbif,samp_name,https://w3id.org/mixs/0001107
gbif,samp_size,https://w3id.org/mixs/0000001
gbif,samp_taxon_id,https://w3id.org/mixs/0001320
gbif,samp_vol_we_dna_ext,https://w3id.org/mixs/0000111
gbif,seq_meth,https://w3id.org/mixs/0000050
gbif,seq_quality_check,https://w3id.org/mixs/0000051
gbif,shrubLayerHeightInMeters,http://rs.gbif.org/terms/1.0/shrubLayerHeightInMeters
gbif,sim_search_meth,https://w3id.org/mixs/0000063
gbif,single_cell_lysis_appr,https://w3id.org/mixs/0000076
gbif,single_cell_lysis_prot,https://w3id.org/mixs/0000054
gbif,size_frac,https://w3id.org/mixs/0000017
gbif,sizeInMillimeters,http://rs.gbif.org/terms/1.0/sizeInMillimeters
gbif,sop,https://w3id.org/mixs/0000090
gbif,sort_tech,https://w3id.org/mixs/0000075
gbif,source_mat_id,https://w3id.org/mixs/0000026
gbif,source_uvig,https://w3id.org/mixs/0000035
gbif,specific_host,https://w3id.org/mixs/0000029
gbif,subspecf_gen_lin,https://w3id.org/mixs/0000020
gbif,syntaxonName,http://rs.gbif.org/terms/1.0/syntaxonName
gbif,target_gene,https://w3id.org/mixs/0000044
gbif,target_subfragment,https://w3id.org/mixs/0000045
gbif,tax_class,https://w3id.org/mixs/0000064
gbif,tax_ident,https://w3id.org/mixs/0000053
gbif,threatStatus,http://iucn.org/terms/threatStatus
gbif,thresholdQuantificationCycle,http://rs.gbif.org/terms/miqe/thresholdQuantificationCycle
gbif,treeLayerHeightInMeters,http://rs.gbif.org/terms/1.0/treeLayerHeightInMeters
gbif,trna_ext_software,https://w3id.org/mixs/0000068
gbif,trnas,https://w3id.org/mixs/0000067
gbif,trophic_level,https://w3id.org/mixs/0000032
gbif,typeDesignatedBy,http://rs.gbif.org/terms/1.0/typeDesignatedBy
gbif,typeDesignationType,http://rs.gbif.org/terms/1.0/typeDesignationType
gbif,url,https://w3id.org/mixs/0000091
gbif,verbatimLabel,http://rs.gbif.org/terms/1.0/verbatimLabel
gbif,vir_ident_software,https://w3id.org/mixs/0000081
gbif,virus_enrich_appr,https://w3id.org/mixs/0000036
gbif,wga_amp_appr,https://w3id.org/mixs/0000055
gbif,wga_amp_kit,https://w3id.org/mixs/0000006
germplasm,acquisitionDate,http://purl.org/germplasm/germplasmTerm#acquisitionDate
germplasm,acquisitionID,http://purl.org/germplasm/germplasmTerm#acquisitionID
germplasm,acquisitionRemarks,http://purl.org/germplasm/germplasmTerm#acquisitionRemarks
germplasm,acquisitionSource,http://purl.org/germplasm/germplasmTerm#acquisitionSource
germplasm,altitude,http://www.w3.org/2003/01/geo/wgs84_pos#alt
germplasm,ancestralData,http://purl.org/germplasm/germplasmTerm#ancestralData
germplasm,biologicalStatus,http://purl.org/germplasm/germplasmTerm#biologicalStatus
germplasm,breedingCountry,http://purl.org/germplasm/germplasmTerm#breedingCountry
germplasm,breedingCountryCode,http://purl.org/germplasm/germplasmTerm#breedingCountryCode
germplasm,breedingID,http://purl.org/germplasm/germplasmTerm#breedingID
germplasm,breedingIdentifier,http://purl.org/germplasm/germplasmTerm#breedingIdentifier
germplasm,breedingInstitute,http://purl.org/germplasm/germplasmTerm#breedingInstitute
germplasm,breedingInstituteID,http://purl.org/germplasm/germplasmTerm#breedingInstituteID
germplasm,breedingPerson,http://purl.org/germplasm/germplasmTerm#breedingPerson
germplasm,breedingRemarks,http://purl.org/germplasm/germplasmTerm#breedingRemarks
germplasm,breedingYear,http://purl.org/germplasm/germplasmTerm#breedingYear
germplasm,collectingInstituteID,http://purl.org/germplasm/germplasmTerm#collectingInstituteID
germplasm,donorInstitute,http://purl.org/germplasm/germplasmTerm#donorInstitute
germplasm,donorInstituteID,http://purl.org/germplasm/germplasmTerm#donorInstituteID
germplasm,donorsID,http://purl.org/germplasm/germplasmTerm#donorsID
germplasm,donorsIdentifier,http://purl.org/germplasm/germplasmTerm#donorsIdentifier
germplasm,germplasmID,http://purl.org/germplasm/germplasmTerm#germplasmID
germplasm,germplasmIdentifier,http://purl.org/germplasm/germplasmTerm#germplasmIdentifier
germplasm,latitude,http://www.w3.org/2003/01/geo/wgs84_pos#lat
germplasm,location,http://www.w3.org/2003/01/geo/wgs84_pos#location
germplasm,longitude,http://www.w3.org/2003/01/geo/wgs84_pos#lon
germplasm,measurementByInstituteID,http://purl.org/germplasm/germplasmTerm#measurementByInstituteID
germplasm,measurementGrowthStage,http://purl.org/germplasm/germplasmTerm#measurementGrowthStage
germplasm,measurementTrailID,http://purl.org/germplasm/germplasmTerm#measurementTrailID
germplasm,measurementTrailIdentifier,http://purl.org/germplasm/germplasmTerm#measurementTrailIdentifier
germplasm,measurementTrailRemarks,http://purl.org/germplasm/germplasmTerm#measurementTrailRemarks
germplasm,measurementTrailReport,http://purl.org/germplasm/germplasmTerm#measurementTrailReport
germplasm,measurementTrailYear,http://purl.org/germplasm/germplasmTerm#measurementTrailYear
germplasm,measurementTraitCategory,http://purl.org/germplasm/germplasmTerm#measurementTraitCategory
germplasm,measurementTraitID,http://purl.org/germplasm/germplasmTerm#measurementTraitID
germplasm,measurementTraitIdentifier,http://purl.org/germplasm/germplasmTerm#measurementTraitIdentifier
germplasm,measurementTraitName,http://purl.org/germplasm/germplasmTerm#measurementTraitName
germplasm,measurementTraitRemarks,http://purl.org/germplasm/germplasmTerm#measurementTraitRemarks
germplasm,measurementTraitScale,http://purl.org/germplasm/germplasmTerm#measurementTraitScale
germplasm,measurementTraitSource,http://purl.org/germplasm/germplasmTerm#measurementTraitSource
germplasm,measurementTrialID,http://purl.org/germplasm/germplasmTerm#measurementTrialID
germplasm,measurementTrialIdentifier,http://purl.org/germplasm/germplasmTerm#measurementTrialIdentifier
germplasm,mlsStatus,http://purl.org/germplasm/germplasmTerm#mlsStatus
germplasm,purdyPedigree,http://purl.org/germplasm/germplasmTerm#purdyPedigree
germplasm,safetyDuplicationDate,http://purl.org/germplasm/germplasmTerm#safetyDuplicationDate
germplasm,safetyDuplicationID,http://purl.org/germplasm/germplasmTerm#safetyDuplicationID
germplasm,safetyDuplicationInstitute,http://purl.org/germplasm/germplasmTerm#safetyDuplicationInstitute
germplasm,safetyDuplicationInstituteID,http://purl.org/germplasm/germplasmTerm#safetyDuplicationInstituteID
germplasm,safetyDuplicationRemarks,http://purl.org/germplasm/germplasmTerm#safetyDuplicationRemarks
germplasm,storageCondition,http://purl.org/germplasm/germplasmType#storageCondition
germplasm,treatyOrRegulationGoverningBody,http://purl.org/germplasm/germplasmTerm#treatyOrRegulationGoverningBody
germplasm,treatyOrRegulationID,http://purl.org/germplasm/germplasmTerm#treatyOrRegulationID
germplasm,treatyOrRegulationName,http://purl.org/germplasm/germplasmTerm#treatyOrRegulationName
ggbn,adapters,http://gensc.org/ns/mixs/adapters
ggbn,amplificationDate,http://data.ggbn.org/schemas/ggbn/terms/amplificationDate
ggbn,amplificationMethod,http://data.ggbn.org/schemas/ggbn/terms/amplificationMethod
ggbn,amplificationStaff,http://data.ggbn.org/schemas/ggbn/terms/amplificationStaff
ggbn,amplificationSuccess,http://data.ggbn.org/schemas/ggbn/terms/amplificationSuccess
ggbn,amplificationSuccessDetails,http://data.ggbn.org/schemas/ggbn/terms/amplificationSuccessDetails
ggbn,annot_source,http://gensc.org/ns/mixs/annot_source
ggbn,assembly,http://gensc.org/ns/mixs/assembly
ggbn,barcodeSequence,http://data.ggbn.org/schemas/ggbn/terms/barcodeSequence
ggbn,blocked,http://data.ggbn.org/schemas/ggbn/terms/blocked
ggbn,blockedUntil,http://data.ggbn.org/schemas/ggbn/terms/blockedUntil
ggbn,BOLDProcessID,http://data.ggbn.org/schemas/ggbn/terms/BOLDProcessID
ggbn,chimera_check,http://gensc.org/ns/mixs/chimera_check
ggbn,cloneStrain,http://data.ggbn.org/schemas/ggbn/terms/cloneStrain
ggbn,cloningDate,http://data.ggbn.org/schemas/ggbn/terms/cloningDate
ggbn,cloningMethod,http://data.ggbn.org/schemas/ggbn/terms/cloningMethod
ggbn,cloningStaff,http://data.ggbn.org/schemas/ggbn/terms/cloningStaff
ggbn,consensusSequence,http://data.ggbn.org/schemas/ggbn/terms/consensusSequence
ggbn,consensusSequenceChromatogramFileURI,http://data.ggbn.org/schemas/ggbn/terms/consensusSequenceChromatogramFileURI
ggbn,consensusSequenceLength,http://data.ggbn.org/schemas/ggbn/terms/consensusSequenceLength
ggbn,disposition,http://purl.org/dc/terms/disposition
ggbn,DNADNAHybridization,http://data.ggbn.org/schemas/ggbn/terms/DNADNAHybridization
ggbn,DNAMeltingPoint,http://data.ggbn.org/schemas/ggbn/terms/DNAMeltingPoint
ggbn,DNAThreshold,http://data.ggbn.org/schemas/ggbn/terms/DNAThreshold
ggbn,estimated_size,http://gensc.org/ns/mixs/estimated_size
ggbn,finishing_strategy,http://gensc.org/ns/mixs/finishing_strategy
ggbn,GC-content,http://data.ggbn.org/schemas/ggbn/terms/GC-content
ggbn,gelBuffer,http://data.ggbn.org/schemas/ggbn/terms/gelBuffer
ggbn,gelConcentration,http://data.ggbn.org/schemas/ggbn/terms/gelConcentration
ggbn,gelDuration,http://data.ggbn.org/schemas/ggbn/terms/gelDuration
ggbn,gelLadder,http://data.ggbn.org/schemas/ggbn/terms/gelLadder
ggbn,gelRemarks,http://data.ggbn.org/schemas/ggbn/terms/gelRemarks
ggbn,gelStain,http://data.ggbn.org/schemas/ggbn/terms/gelStain
ggbn,gelStainConcentration,http://data.ggbn.org/schemas/ggbn/terms/gelStainConcentration
ggbn,gelVoltage,http://data.ggbn.org/schemas/ggbn/terms/gelVoltage
ggbn,geneticAccessionNumber,http://data.ggbn.org/schemas/ggbn/terms/geneticAccessionNumber
ggbn,geneticAccessionURI,http://data.ggbn.org/schemas/ggbn/terms/geneticAccessionURI
ggbn,haplotype,http://data.ggbn.org/schemas/ggbn/terms/haplotype
ggbn,lib_const_meth,http://gensc.org/ns/mixs/lib_const_meth
ggbn,lib_reads_seqd,http://gensc.org/ns/mixs/lib_reads_seqd
ggbn,lib_screen,http://gensc.org/ns/mixs/lib_screen
ggbn,lib_size,http://gensc.org/ns/mixs/lib_size
ggbn,lib_vector,http://gensc.org/ns/mixs/lib_vector
ggbn,loanConditions,http://data.ggbn.org/schemas/ggbn/terms/loanConditions
ggbn,loanDate,http://data.ggbn.org/schemas/ggbn/terms/loanDate
ggbn,loanDestination,http://data.ggbn.org/schemas/ggbn/terms/loanDestination
ggbn,loanIdentifier,http://data.ggbn.org/schemas/ggbn/terms/loanIdentifier
ggbn,marker,http://data.ggbn.org/schemas/ggbn/terms/marker
ggbn,markerAccordance,http://data.ggbn.org/schemas/ggbn/terms/markerAccordance
ggbn,markerSubfragment,http://data.ggbn.org/schemas/ggbn/terms/markerSubfragment
ggbn,materialSampleType,http://data.ggbn.org/schemas/ggbn/terms/materialSampleType
ggbn,methodDeterminationWeight,http://data.ggbn.org/schemas/ggbn/terms/methodDeterminationWeight
ggbn,mid,http://gensc.org/ns/mixs/mid
ggbn,percentAboveThreshold,http://data.ggbn.org/schemas/ggbn/terms/percentAboveThreshold
ggbn,permitStatus,http://data.ggbn.org/schemas/ggbn/terms/permitStatus
ggbn,permitStatusQualifier,http://data.ggbn.org/schemas/ggbn/terms/permitStatusQualifier
ggbn,permitText,http://data.ggbn.org/schemas/ggbn/terms/permitText
ggbn,permitType,http://data.ggbn.org/schemas/ggbn/terms/permitType
ggbn,permitURI,http://data.ggbn.org/schemas/ggbn/terms/permitURI
ggbn,plasmid,http://data.ggbn.org/schemas/ggbn/terms/plasmid
ggbn,pool_dna_extracts,http://gensc.org/ns/mixs/pool_dna_extracts
ggbn,preparationDate,http://data.ggbn.org/schemas/ggbn/terms/preparationDate
ggbn,preparationMaterials,http://data.ggbn.org/schemas/ggbn/terms/preparationMaterials
ggbn,preparationProcess,http://data.ggbn.org/schemas/ggbn/terms/preparationProcess
ggbn,preparationType,http://data.ggbn.org/schemas/ggbn/terms/preparationType
ggbn,preparedBy,http://data.ggbn.org/schemas/ggbn/terms/preparedBy
ggbn,preservationDateBegin,http://data.ggbn.org/schemas/ggbn/terms/preservationDateBegin
ggbn,preservationTemperature,http://data.ggbn.org/schemas/ggbn/terms/preservationTemperature
ggbn,preservationType,http://data.ggbn.org/schemas/ggbn/terms/preservationType
ggbn,primerNameForward,http://data.ggbn.org/schemas/ggbn/terms/primerNameForward
ggbn,primerNameReverse,http://data.ggbn.org/schemas/ggbn/terms/primerNameReverse
ggbn,primerReferenceCitationForward,http://data.ggbn.org/schemas/ggbn/terms/primerReferenceCitationForward
ggbn,primerReferenceCitationReverse,http://data.ggbn.org/schemas/ggbn/terms/primerReferenceCitationReverse
ggbn,primerReferenceLinkForward,http://data.ggbn.org/schemas/ggbn/terms/primerReferenceLinkForward
ggbn,primerReferenceLinkReverse,http://data.ggbn.org/schemas/ggbn/terms/primerReferenceLinkReverse
ggbn,primerSequenceForward,http://data.ggbn.org/schemas/ggbn/terms/primerSequenceForward
ggbn,primerSequenceReverse,http://data.ggbn.org/schemas/ggbn/terms/primerSequenceReverse
ggbn,purificationMethod,http://data.ggbn.org/schemas/ggbn/terms/purificationMethod
ggbn,quality,http://data.ggbn.org/schemas/ggbn/terms/quality
ggbn,qualityCheckDate,http://data.ggbn.org/schemas/ggbn/terms/qualityCheckDate
ggbn,qualityRemarks,http://data.ggbn.org/schemas/ggbn/terms/qualityRemarks
ggbn,receivedFrom,http://data.ggbn.org/schemas/ggbn/terms/receivedFrom
ggbn,samp_size,http://gensc.org/ns/mixs/samp_size
ggbn,sampleDesignation,http://data.ggbn.org/schemas/ggbn/terms/sampleDesignation
ggbn,seq_quality_check,http://gensc.org/ns/mixs/seq_quality_check
ggbn,sequence,http://data.ggbn.org/schemas/ggbn/terms/sequence
ggbn,sieving,http://gensc.org/ns/mixs/sieving
ggbn,sop,http://gensc.org/ns/mixs/sop
ggbn,stainingMethod,http://data.ggbn.org/schemas/ggbn/terms/stainingMethod
ggbn,volume,http://data.ggbn.org/schemas/ggbn/terms/volume
ggbn,volumeUnit,http://data.ggbn.org/schemas/ggbn/terms/volumeUnit
ggbn,weight,http://data.ggbn.org/schemas/ggbn/terms/weight
ggbn,weightUnit,http://data.ggbn.org/schemas/ggbn/terms/weightUnit
obis,measurementTypeID,http://rs.iobis.org/obis/terms/measurementTypeID
obis,measurementUnitID,http://rs.iobis.org/obis/terms/measurementUnitID
obis,measurementValueID,http://rs.iobis.org/obis/terms/measurementValueID
